[{"model": "swiper.picture", "pk": "8990b57c-2572-44c7-9859-0be576248fb1", "fields": {"name": "Front", "image": "swiper/static/img/<django.db.models.fields.UUIDField>/santarpios_T5QwCBl.jpg"}}, {"model": "swiper.picture", "pk": "aec59ed9-5af0-4870-9a70-3d3b6835c2b0", "fields": {"name": "Felipes", "image": "swiper/static/img/Felipes.png"}}, {"model": "swiper.picture", "pk": "c2d5a5f0-f303-451f-aa70-be565d39b6a6", "fields": {"name": "cafeteria", "image": "swiper/static/img/cafeteria.jpg"}}, {"model": "swiper.picture", "pk": "c55d7d7f-2550-4149-a49e-964f955df515", "fields": {"name": "Chilacates", "image": "swiper/static/img/chilacates.jpg"}}, {"model": "swiper.picture", "pk": "cb0a840b-c55b-4743-9a85-6c4de2ad1eb9", "fields": {"name": "santarpios", "image": "swiper/static/img/santarpios.jpg"}}, {"model": "swiper.picture", "pk": "dc2b5e07-1873-42e0-973d-04e5670aa402", "fields": {"name": "ts", "image": "swiper/static/img/tanthonys.jpg"}}, {"model": "swiper.restaurant", "pk": "15ef3d90-60cb-4a1b-86b4-4d305f94bf23", "fields": {"name": "Santarpio's", "description": "Old-school, no-frills joint known for classic NY-style pies & grilled-meat skewers. Cash only.", "address": "111 Chelsea St, Boston, MA 02128", "hours": "Open everyday \u00b7 11:30AM\u201311PM", "category": "Pizza", "pictures": ["cb0a840b-c55b-4743-9a85-6c4de2ad1eb9"]}}, {"model": "swiper.restaurant", "pk": "204e63aa-c794-4584-b485-d955f023a9ab", "fields": {"name": "Cafeter\u00eda Boston", "description": "Newbury Street hangout serving updated American comfort food at communal tables & on outdoor patio.", "address": "279a Newbury St, Boston, MA 02115", "hours": "11AM - 11PM Everyday", "category": "Brunch", "pictures": ["c2d5a5f0-f303-451f-aa70-be565d39b6a6"]}}, {"model": "swiper.restaurant", "pk": "7c0281e8-dbb6-42ef-97a1-08ae3393d45e", "fields": {"name": "Chilacates", "description": "Inventively filled tacos, burritos & more are made to order in a tiny, cheery counter-service space.", "address": "224 Amory St, Boston, MA 02130", "hours": "11AM - 11PM Everyday", "category": "Mexican", "pictures": ["c55d7d7f-2550-4149-a49e-964f955df515"]}}, {"model": "swiper.restaurant", "pk": "b283e4f5-3752-4d69-a90a-5a9e5e503085", "fields": {"name": "Felipe's Taqueria", "description": "Made-to-order Mexican food & Latin cocktails whipped up in a casual counter-serve eatery.", "address": "21 Brattle St, Cambridge, MA 02138", "hours": "Everyday - 11AM\u201312AM", "category": "Mexican", "pictures": ["aec59ed9-5af0-4870-9a70-3d3b6835c2b0"]}}, {"model": "swiper.restaurant", "pk": "f95f61e4-409f-4a74-9719-13aeeeafc596", "fields": {"name": "T Anthony's", "description": "Quick-serve pizza joint, also serving all-day hash & eggs, decorated with BU sports memorabilia.", "address": "1016 Commonwealth Avenue, Boston, MA 02215", "hours": "M-S 6:00AM - 2:00AM", "category": "Pizza", "pictures": ["dc2b5e07-1873-42e0-973d-04e5670aa402"]}}, {"model": "contenttypes.contenttype", "pk": 11, "fields": {"app_label": "swiper", "model": "picture"}}, {"model": "contenttypes.contenttype", "pk": 12, "fields": {"app_label": "swiper", "model": "restaurant"}}, {"model": "contenttypes.contenttype", "pk": 13, "fields": {"app_label": "swiper", "model": "match"}}, {"model": "contenttypes.contenttype", "pk": 14, "fields": {"app_label": "admin", "model": "logentry"}}, {"model": "contenttypes.contenttype", "pk": 15, "fields": {"app_label": "auth", "model": "permission"}}, {"model": "contenttypes.contenttype", "pk": 16, "fields": {"app_label": "auth", "model": "group"}}, {"model": "contenttypes.contenttype", "pk": 17, "fields": {"app_label": "auth", "model": "user"}}, {"model": "contenttypes.contenttype", "pk": 18, "fields": {"app_label": "contenttypes", "model": "contenttype"}}, {"model": "contenttypes.contenttype", "pk": 19, "fields": {"app_label": "sessions", "model": "session"}}, {"model": "contenttypes.contenttype", "pk": 20, "fields": {"app_label": "swiper", "model": "deny"}}, {"model": "sessions.session", "pk": "hhs307hlmrjiu06na79h9gy6jm9h1emu", "fields": {"session_data": "Y2NlMTE2Njk1MzU3YjUxMjk4NmVmMTc2YWU3YzUzOTRlNTU2YzRiNjp7Il9hdXRoX3VzZXJfaWQiOiI3IiwiX2F1dGhfdXNlcl9iYWNrZW5kIjoiZGphbmdvLmNvbnRyaWIuYXV0aC5iYWNrZW5kcy5Nb2RlbEJhY2tlbmQiLCJfYXV0aF91c2VyX2hhc2giOiIzYjllMDJiNTVlNWY1MzkxZmM3Y2ZjOTJlZThmMGUzNTllNzk2ZWM2In0=", "expire_date": "2017-12-31T18:41:27.380Z"}}, {"model": "auth.permission", "pk": 31, "fields": {"name": "Can add picture", "content_type": 11, "codename": "add_picture"}}, {"model": "auth.permission", "pk": 32, "fields": {"name": "Can change picture", "content_type": 11, "codename": "change_picture"}}, {"model": "auth.permission", "pk": 33, "fields": {"name": "Can delete picture", "content_type": 11, "codename": "delete_picture"}}, {"model": "auth.permission", "pk": 34, "fields": {"name": "Can add restaurant", "content_type": 12, "codename": "add_restaurant"}}, {"model": "auth.permission", "pk": 35, "fields": {"name": "Can change restaurant", "content_type": 12, "codename": "change_restaurant"}}, {"model": "auth.permission", "pk": 36, "fields": {"name": "Can delete restaurant", "content_type": 12, "codename": "delete_restaurant"}}, {"model": "auth.permission", "pk": 37, "fields": {"name": "Can add match", "content_type": 13, "codename": "add_match"}}, {"model": "auth.permission", "pk": 38, "fields": {"name": "Can change match", "content_type": 13, "codename": "change_match"}}, {"model": "auth.permission", "pk": 39, "fields": {"name": "Can delete match", "content_type": 13, "codename": "delete_match"}}, {"model": "auth.permission", "pk": 40, "fields": {"name": "Can add log entry", "content_type": 14, "codename": "add_logentry"}}, {"model": "auth.permission", "pk": 41, "fields": {"name": "Can change log entry", "content_type": 14, "codename": "change_logentry"}}, {"model": "auth.permission", "pk": 42, "fields": {"name": "Can delete log entry", "content_type": 14, "codename": "delete_logentry"}}, {"model": "auth.permission", "pk": 43, "fields": {"name": "Can add permission", "content_type": 15, "codename": "add_permission"}}, {"model": "auth.permission", "pk": 44, "fields": {"name": "Can change permission", "content_type": 15, "codename": "change_permission"}}, {"model": "auth.permission", "pk": 45, "fields": {"name": "Can delete permission", "content_type": 15, "codename": "delete_permission"}}, {"model": "auth.permission", "pk": 46, "fields": {"name": "Can add group", "content_type": 16, "codename": "add_group"}}, {"model": "auth.permission", "pk": 47, "fields": {"name": "Can change group", "content_type": 16, "codename": "change_group"}}, {"model": "auth.permission", "pk": 48, "fields": {"name": "Can delete group", "content_type": 16, "codename": "delete_group"}}, {"model": "auth.permission", "pk": 49, "fields": {"name": "Can add user", "content_type": 17, "codename": "add_user"}}, {"model": "auth.permission", "pk": 50, "fields": {"name": "Can change user", "content_type": 17, "codename": "change_user"}}, {"model": "auth.permission", "pk": 51, "fields": {"name": "Can delete user", "content_type": 17, "codename": "delete_user"}}, {"model": "auth.permission", "pk": 52, "fields": {"name": "Can add content type", "content_type": 18, "codename": "add_contenttype"}}, {"model": "auth.permission", "pk": 53, "fields": {"name": "Can change content type", "content_type": 18, "codename": "change_contenttype"}}, {"model": "auth.permission", "pk": 54, "fields": {"name": "Can delete content type", "content_type": 18, "codename": "delete_contenttype"}}, {"model": "auth.permission", "pk": 55, "fields": {"name": "Can add session", "content_type": 19, "codename": "add_session"}}, {"model": "auth.permission", "pk": 56, "fields": {"name": "Can change session", "content_type": 19, "codename": "change_session"}}, {"model": "auth.permission", "pk": 57, "fields": {"name": "Can delete session", "content_type": 19, "codename": "delete_session"}}, {"model": "auth.permission", "pk": 58, "fields": {"name": "Can add deny", "content_type": 20, "codename": "add_deny"}}, {"model": "auth.permission", "pk": 59, "fields": {"name": "Can change deny", "content_type": 20, "codename": "change_deny"}}, {"model": "auth.permission", "pk": 60, "fields": {"name": "Can delete deny", "content_type": 20, "codename": "delete_deny"}}, {"model": "auth.user", "pk": 5, "fields": {"password": "pbkdf2_sha256$36000$WmirrPwF2pDZ$hpJ/WXCPzoIabWIvsKLaSQ5iG6DVzJq9jg5LDJghkb8=", "last_login": null, "is_superuser": false, "username": "gav_fynbo", "first_name": "", "last_name": "", "email": "fynbo@bu.edu", "is_staff": false, "is_active": true, "date_joined": "2017-12-12T17:48:27.472Z", "groups": [], "user_permissions": []}}, {"model": "auth.user", "pk": 6, "fields": {"password": "pbkdf2_sha256$36000$jSbeNFULy4N4$N0rz4BuROdz8dyL29PWk0/46a3PAZsq6x4k8R5vj0Kg=", "last_login": "2017-12-12T17:49:10.129Z", "is_superuser": false, "username": "g_fynbo", "first_name": "", "last_name": "", "email": "fynbo@bu.edu", "is_staff": false, "is_active": true, "date_joined": "2017-12-12T17:49:10.086Z", "groups": [], "user_permissions": []}}, {"model": "auth.user", "pk": 7, "fields": {"password": "pbkdf2_sha256$36000$wDkTgZuheiIQ$Jh1L30Izkg9IxsdtGc7G7pa9sk/OdmyUXPrbgj1T5a8=", "last_login": "2017-12-17T18:41:27.377Z", "is_superuser": true, "username": "gavin", "first_name": "Gavin", "last_name": "Fynbo", "email": "gavin@gavinfynbo.com", "is_staff": true, "is_active": true, "date_joined": "2017-12-12T18:27:23.762Z", "groups": [], "user_permissions": []}}, {"model": "auth.user", "pk": 8, "fields": {"password": "pbkdf2_sha256$36000$DEp3hYzlmxsY$QGNBJM5yQgfyCqE/ZzOpfx5XfLf9QNltQDoq5mBcx4s=", "last_login": "2017-12-13T23:25:46.241Z", "is_superuser": false, "username": "finners", "first_name": "", "last_name": "", "email": "gavfynbo@gmail.com", "is_staff": false, "is_active": true, "date_joined": "2017-12-13T23:25:46.196Z", "groups": [], "user_permissions": []}}, {"model": "auth.user", "pk": 9, "fields": {"password": "pbkdf2_sha256$36000$aHAgNsUfOSXR$5b0K2Mg4nPJp+zpiczIfy+Rw4sNYypGCCbPfgaXQi5U=", "last_login": "2017-12-14T02:02:05.774Z", "is_superuser": false, "username": "jd", "first_name": "", "last_name": "", "email": "jd@jd.co", "is_staff": false, "is_active": true, "date_joined": "2017-12-14T02:02:05.726Z", "groups": [], "user_permissions": []}}, {"model": "auth.user", "pk": 10, "fields": {"password": "pbkdf2_sha256$36000$UeCIRpMI3NLd$VMKvD2N2iHkZ8g8k9HXKhf76wE4mcqcqBrI/jrKveX4=", "last_login": "2017-12-14T03:58:28.557Z", "is_superuser": false, "username": "justin", "first_name": "", "last_name": "", "email": "jmontes@bu.edu", "is_staff": false, "is_active": true, "date_joined": "2017-12-14T03:58:28.510Z", "groups": [], "user_permissions": []}}, {"model": "auth.user", "pk": 11, "fields": {"password": "pbkdf2_sha256$36000$7z7pbWJDxwqQ$d91l2TlCoGJNKx2meXPVc08RRGThcQWzG2/++16GSz0=", "last_login": "2017-12-14T04:07:26.593Z", "is_superuser": false, "username": "Kyle", "first_name": "", "last_name": "", "email": "kjj@bu.edu", "is_staff": false, "is_active": true, "date_joined": "2017-12-14T04:07:26.550Z", "groups": [], "user_permissions": []}}, {"model": "auth.user", "pk": 12, "fields": {"password": "pbkdf2_sha256$36000$0pbXCRJ4U7Bt$y+Nvnb3BgX8UdsrbAIwrqFnRRfYbvcVvwxhyf+eNRAA=", "last_login": "2017-12-14T19:09:11.965Z", "is_superuser": false, "username": "jungjio", "first_name": "Joshua", "last_name": "Jung", "email": "jungjio1@bu.edu", "is_staff": false, "is_active": true, "date_joined": "2017-12-14T19:09:11.922Z", "groups": [], "user_permissions": []}}, {"model": "auth.user", "pk": 13, "fields": {"password": "pbkdf2_sha256$36000$8LguzXeNt2X6$qiwiJkEzdpPFYmfqTi4Cr7uPdxCn3EJXyb3bWfBO/cw=", "last_login": "2017-12-15T18:48:02.335Z", "is_superuser": false, "username": "john_doe", "first_name": "", "last_name": "", "email": "john@doe.com", "is_staff": false, "is_active": true, "date_joined": "2017-12-15T18:48:02.287Z", "groups": [], "user_permissions": []}}, {"model": "auth.user", "pk": 14, "fields": {"password": "pbkdf2_sha256$36000$VGufFA85S28N$46OMdZxzkG43irIAxcIyAhVjyV/dDzXrykfeTUqrTK8=", "last_login": "2017-12-17T00:47:09.460Z", "is_superuser": false, "username": "g", "first_name": "", "last_name": "", "email": "g@g.com", "is_staff": false, "is_active": true, "date_joined": "2017-12-17T00:45:43.933Z", "groups": [], "user_permissions": []}}, {"model": "auth.user", "pk": 15, "fields": {"password": "pbkdf2_sha256$36000$vLP6SGbARN79$ZDRZsY+KiSTHex3FVW9fTVu3GiUtWGoD73iFxIp1eGU=", "last_login": "2017-12-17T02:24:38.351Z", "is_superuser": false, "username": "mikesp8", "first_name": "Miguel", "last_name": "Hernandez-Muniz", "email": "mikespaight@gmail.com", "is_staff": false, "is_active": true, "date_joined": "2017-12-17T02:07:12.805Z", "groups": [], "user_permissions": []}}, {"model": "auth.user", "pk": 16, "fields": {"password": "pbkdf2_sha256$36000$nRvnkODownCp$jIcoWOUZ2OoSeFjt8SkpNrpTfIPm2vPAu5Lsvxm/n4Q=", "last_login": "2017-12-17T02:25:08.171Z", "is_superuser": false, "username": "tatiana", "first_name": "Tatiana", "last_name": "Diaz-Gallegos", "email": "todg@bu.edu", "is_staff": false, "is_active": true, "date_joined": "2017-12-17T02:25:08.129Z", "groups": [], "user_permissions": []}}, {"model": "admin.logentry", "pk": 1, "fields": {"action_time": "2017-12-12T18:29:07.228Z", "user": 7, "content_type": 11, "object_id": "8990b57c-2572-44c7-9859-0be576248fb1", "object_repr": "Front", "action_flag": 1, "change_message": "[{\"added\": {}}]"}}, {"model": "admin.logentry", "pk": 2, "fields": {"action_time": "2017-12-12T18:29:12.066Z", "user": 7, "content_type": 12, "object_id": "f95f61e4-409f-4a74-9719-13aeeeafc596", "object_repr": "T Anthony's", "action_flag": 1, "change_message": "[{\"added\": {}}]"}}, {"model": "admin.logentry", "pk": 3, "fields": {"action_time": "2017-12-12T21:12:23.410Z", "user": 7, "content_type": 11, "object_id": "cb0a840b-c55b-4743-9a85-6c4de2ad1eb9", "object_repr": "santarpios", "action_flag": 1, "change_message": "[{\"added\": {}}]"}}, {"model": "admin.logentry", "pk": 4, "fields": {"action_time": "2017-12-12T21:12:28.803Z", "user": 7, "content_type": 12, "object_id": "15ef3d90-60cb-4a1b-86b4-4d305f94bf23", "object_repr": "Santarpio's", "action_flag": 1, "change_message": "[{\"added\": {}}]"}}, {"model": "admin.logentry", "pk": 5, "fields": {"action_time": "2017-12-12T21:16:00.464Z", "user": 7, "content_type": 11, "object_id": "dc2b5e07-1873-42e0-973d-04e5670aa402", "object_repr": "ts", "action_flag": 1, "change_message": "[{\"added\": {}}]"}}, {"model": "admin.logentry", "pk": 6, "fields": {"action_time": "2017-12-12T21:16:05.707Z", "user": 7, "content_type": 12, "object_id": "f95f61e4-409f-4a74-9719-13aeeeafc596", "object_repr": "T Anthony's", "action_flag": 2, "change_message": "[{\"changed\": {\"fields\": [\"pictures\"]}}]"}}, {"model": "admin.logentry", "pk": 7, "fields": {"action_time": "2017-12-12T21:16:29.915Z", "user": 7, "content_type": 12, "object_id": "f95f61e4-409f-4a74-9719-13aeeeafc596", "object_repr": "T Anthony's", "action_flag": 2, "change_message": "[{\"changed\": {\"fields\": [\"pictures\"]}}]"}}, {"model": "admin.logentry", "pk": 8, "fields": {"action_time": "2017-12-14T01:37:04.079Z", "user": 7, "content_type": 11, "object_id": "aec59ed9-5af0-4870-9a70-3d3b6835c2b0", "object_repr": "Felipes", "action_flag": 1, "change_message": "[{\"added\": {}}]"}}, {"model": "admin.logentry", "pk": 9, "fields": {"action_time": "2017-12-14T01:37:27.769Z", "user": 7, "content_type": 12, "object_id": "b283e4f5-3752-4d69-a90a-5a9e5e503085", "object_repr": "Felipe's Taqueria", "action_flag": 1, "change_message": "[{\"added\": {}}]"}}, {"model": "admin.logentry", "pk": 10, "fields": {"action_time": "2017-12-14T01:38:50.508Z", "user": 7, "content_type": 11, "object_id": "c55d7d7f-2550-4149-a49e-964f955df515", "object_repr": "Chilacates", "action_flag": 1, "change_message": "[{\"added\": {}}]"}}, {"model": "admin.logentry", "pk": 11, "fields": {"action_time": "2017-12-14T01:38:58.153Z", "user": 7, "content_type": 12, "object_id": "7c0281e8-dbb6-42ef-97a1-08ae3393d45e", "object_repr": "Chilacates", "action_flag": 1, "change_message": "[{\"added\": {}}]"}}, {"model": "admin.logentry", "pk": 12, "fields": {"action_time": "2017-12-14T01:40:53.256Z", "user": 7, "content_type": 11, "object_id": "c2d5a5f0-f303-451f-aa70-be565d39b6a6", "object_repr": "cafeteria", "action_flag": 1, "change_message": "[{\"added\": {}}]"}}, {"model": "admin.logentry", "pk": 13, "fields": {"action_time": "2017-12-14T01:40:59.388Z", "user": 7, "content_type": 12, "object_id": "204e63aa-c794-4584-b485-d955f023a9ab", "object_repr": "Cafeter\u00eda Boston", "action_flag": 1, "change_message": "[{\"added\": {}}]"}}, {"model": "swiper.match", "pk": 7, "fields": {"user": 7, "restaurant": "f95f61e4-409f-4a74-9719-13aeeeafc596", "date_matched": "2017-12-13", "deny": true}}, {"model": "swiper.match", "pk": 8, "fields": {"user": 8, "restaurant": "15ef3d90-60cb-4a1b-86b4-4d305f94bf23", "date_matched": "2017-12-13", "deny": false}}, {"model": "swiper.match", "pk": 9, "fields": {"user": 9, "restaurant": "15ef3d90-60cb-4a1b-86b4-4d305f94bf23", "date_matched": "2017-12-13", "deny": false}}, {"model": "swiper.match", "pk": 10, "fields": {"user": 9, "restaurant": "b283e4f5-3752-4d69-a90a-5a9e5e503085", "date_matched": "2017-12-13", "deny": false}}, {"model": "swiper.match", "pk": 11, "fields": {"user": 9, "restaurant": "7c0281e8-dbb6-42ef-97a1-08ae3393d45e", "date_matched": "2017-12-13", "deny": false}}, {"model": "swiper.match", "pk": 12, "fields": {"user": 9, "restaurant": "204e63aa-c794-4584-b485-d955f023a9ab", "date_matched": "2017-12-13", "deny": false}}, {"model": "swiper.match", "pk": 13, "fields": {"user": 10, "restaurant": "f95f61e4-409f-4a74-9719-13aeeeafc596", "date_matched": "2017-12-13", "deny": false}}, {"model": "swiper.match", "pk": 14, "fields": {"user": 10, "restaurant": "b283e4f5-3752-4d69-a90a-5a9e5e503085", "date_matched": "2017-12-13", "deny": false}}, {"model": "swiper.match", "pk": 15, "fields": {"user": 11, "restaurant": "f95f61e4-409f-4a74-9719-13aeeeafc596", "date_matched": "2017-12-13", "deny": false}}, {"model": "swiper.match", "pk": 16, "fields": {"user": 11, "restaurant": "b283e4f5-3752-4d69-a90a-5a9e5e503085", "date_matched": "2017-12-13", "deny": false}}, {"model": "swiper.match", "pk": 17, "fields": {"user": 11, "restaurant": "7c0281e8-dbb6-42ef-97a1-08ae3393d45e", "date_matched": "2017-12-13", "deny": false}}, {"model": "swiper.match", "pk": 18, "fields": {"user": 11, "restaurant": "204e63aa-c794-4584-b485-d955f023a9ab", "date_matched": "2017-12-13", "deny": false}}, {"model": "swiper.match", "pk": 19, "fields": {"user": 7, "restaurant": "b283e4f5-3752-4d69-a90a-5a9e5e503085", "date_matched": "2017-12-14", "deny": false}}, {"model": "swiper.match", "pk": 20, "fields": {"user": 7, "restaurant": "204e63aa-c794-4584-b485-d955f023a9ab", "date_matched": "2017-12-14", "deny": true}}, {"model": "swiper.match", "pk": 21, "fields": {"user": 12, "restaurant": "f95f61e4-409f-4a74-9719-13aeeeafc596", "date_matched": "2017-12-14", "deny": true}}, {"model": "swiper.match", "pk": 22, "fields": {"user": 12, "restaurant": "b283e4f5-3752-4d69-a90a-5a9e5e503085", "date_matched": "2017-12-14", "deny": true}}, {"model": "swiper.match", "pk": 23, "fields": {"user": 12, "restaurant": "204e63aa-c794-4584-b485-d955f023a9ab", "date_matched": "2017-12-14", "deny": true}}, {"model": "swiper.match", "pk": 24, "fields": {"user": 12, "restaurant": "15ef3d90-60cb-4a1b-86b4-4d305f94bf23", "date_matched": "2017-12-15", "deny": true}}, {"model": "swiper.match", "pk": 25, "fields": {"user": 12, "restaurant": "7c0281e8-dbb6-42ef-97a1-08ae3393d45e", "date_matched": "2017-12-15", "deny": false}}, {"model": "swiper.match", "pk": 26, "fields": {"user": 13, "restaurant": "f95f61e4-409f-4a74-9719-13aeeeafc596", "date_matched": "2017-12-15", "deny": true}}, {"model": "swiper.match", "pk": 27, "fields": {"user": 13, "restaurant": "15ef3d90-60cb-4a1b-86b4-4d305f94bf23", "date_matched": "2017-12-15", "deny": true}}, {"model": "swiper.match", "pk": 28, "fields": {"user": 13, "restaurant": "b283e4f5-3752-4d69-a90a-5a9e5e503085", "date_matched": "2017-12-15", "deny": false}}, {"model": "swiper.match", "pk": 29, "fields": {"user": 7, "restaurant": "15ef3d90-60cb-4a1b-86b4-4d305f94bf23", "date_matched": "2017-12-16", "deny": true}}, {"model": "swiper.match", "pk": 30, "fields": {"user": 7, "restaurant": "7c0281e8-dbb6-42ef-97a1-08ae3393d45e", "date_matched": "2017-12-16", "deny": true}}, {"model": "swiper.match", "pk": 31, "fields": {"user": 15, "restaurant": "f95f61e4-409f-4a74-9719-13aeeeafc596", "date_matched": "2017-12-16", "deny": true}}, {"model": "swiper.match", "pk": 32, "fields": {"user": 15, "restaurant": "15ef3d90-60cb-4a1b-86b4-4d305f94bf23", "date_matched": "2017-12-16", "deny": false}}, {"model": "swiper.match", "pk": 33, "fields": {"user": 15, "restaurant": "b283e4f5-3752-4d69-a90a-5a9e5e503085", "date_matched": "2017-12-16", "deny": true}}, {"model": "swiper.match", "pk": 34, "fields": {"user": 15, "restaurant": "7c0281e8-dbb6-42ef-97a1-08ae3393d45e", "date_matched": "2017-12-16", "deny": true}}, {"model": "swiper.match", "pk": 35, "fields": {"user": 15, "restaurant": "204e63aa-c794-4584-b485-d955f023a9ab", "date_matched": "2017-12-16", "deny": false}}, {"model": "swiper.match", "pk": 36, "fields": {"user": 16, "restaurant": "f95f61e4-409f-4a74-9719-13aeeeafc596", "date_matched": "2017-12-16", "deny": true}}, {"model": "swiper.match", "pk": 37, "fields": {"user": 16, "restaurant": "15ef3d90-60cb-4a1b-86b4-4d305f94bf23", "date_matched": "2017-12-16", "deny": true}}, {"model": "swiper.match", "pk": 38, "fields": {"user": 16, "restaurant": "b283e4f5-3752-4d69-a90a-5a9e5e503085", "date_matched": "2017-12-16", "deny": true}}, {"model": "swiper.match", "pk": 39, "fields": {"user": 16, "restaurant": "7c0281e8-dbb6-42ef-97a1-08ae3393d45e", "date_matched": "2017-12-16", "deny": true}}, {"model": "swiper.match", "pk": 40, "fields": {"user": 16, "restaurant": "204e63aa-c794-4584-b485-d955f023a9ab", "date_matched": "2017-12-16", "deny": true}}]